,fecha,prec,tmin,tmed,tmax,velmedia,racha,Mojado,Seco
0,01/01/2019,0.0,1.4,6.6,11.7,0.3,5.3,0,1
1,02/01/2019,0.0,0.4,6.0,11.7,0.6,7.8,0,1
2,03/01/2019,0.0,2.8,7.3,11.8,0.6,7.8,0,1
3,04/01/2019,0.0,0.4,5.9,11.4,0.3,3.6,0,1
4,05/01/2019,0.0,-0.1,5.4,10.8,0.6,3.1,0,1
5,06/01/2019,0.0,-0.5,6.6,13.8,1.1,3.3,0,1
6,07/01/2019,0.0,0.5,7.1,13.7,0.6,5.0,0,1
7,08/01/2019,0.0,1.2,7.1,13.0,0.8,3.6,0,1
8,09/01/2019,0.0,2.0,7.6,13.2,1.4,9.7,0,1
9,10/01/2019,0.0,0.6,4.7,8.8,2.8,10.0,0,1
10,11/01/2019,0.0,-1.8,2.8,7.4,0.6,6.1,0,1
11,12/01/2019,0.0,-0.8,4.4,9.5,0.8,4.2,0,1
12,13/01/2019,0.0,-0.7,5.0,10.8,0.8,3.6,0,1
13,14/01/2019,0.0,1.0,6.8,12.6,0.6,3.9,0,1
14,15/01/2019,0.0,3.1,7.6,12.2,1.4,9.147068676716918,0,1
15,16/01/2019,0.0,1.4,5.7,10.0,1.1,6.4,0,1
16,17/01/2019,0.0,2.7,5.6,8.5,0.3,4.7,0,1
17,18/01/2019,0.0,-0.3,3.6,7.6,1.1,6.1,0,1
18,19/01/2019,5.9,-0.5,2.0,4.4,0.6,5.3,1,0
19,20/01/2019,0.0,3.3,6.4,9.5,2.2,11.7,0,1
20,21/01/2019,0.0,1.4,5.4,9.4,3.6,10.6,0,1
21,22/01/2019,0.4,0.7,4.4,8.0,1.9,11.1,1,0
22,23/01/2019,0.0,5.2,9.2,13.1,4.4,17.5,0,1
23,24/01/2019,0.0,8.7,11.6,14.6,2.2,12.2,0,1
24,25/01/2019,0.0,5.2,10.2,15.2,3.3,10.0,0,1
25,26/01/2019,0.0,2.2,7.4,12.6,1.1,5.0,0,1
26,27/01/2019,0.0,2.4,6.9,11.4,2.2,14.7,0,1
27,28/01/2019,0.0,3.7,8.4,13.0,3.9,15.3,0,1
28,29/01/2019,0.0,5.3,7.9,10.5,2.8,14.7,0,1
29,30/01/2019,4.1,4.2,7.2,10.1,3.3,10.8,1,0
30,31/01/2019,8.2,6.4,9.4,12.4,5.3,17.2,1,0
31,01/02/2019,1.0,3.5,6.4,9.4,3.9,16.1,1,0
32,02/02/2019,0.0,1.6,4.6,7.5,3.9,14.2,0,1
33,03/02/2019,0.0,-0.3,4.0,8.2,1.4,12.2,0,1
34,04/02/2019,0.0,-1.4,4.8,10.9,0.8,3.6,0,1
35,05/02/2019,0.0,1.7,8.1,14.5,0.8,5.0,0,1
36,06/02/2019,0.0,4.4,9.7,15.0,1.7,6.1,0,1
37,07/02/2019,0.0,3.0,9.0,15.0,0.8,4.4,0,1
38,08/02/2019,0.0,2.8,8.6,14.3,1.1,7.8,0,1
39,09/02/2019,0.0,2.9,7.4,11.8,1.1,6.1,0,1
40,10/02/2019,0.0,4.1,7.6,11.2,2.5,10.8,0,1
41,11/02/2019,0.0,5.7,9.4,13.0,1.7,8.6,0,1
42,12/02/2019,0.0,3.0,8.0,13.0,0.8,8.3,0,1
43,13/02/2019,0.0,4.4,9.4,14.5,0.8,4.7,0,1
44,14/02/2019,0.0,3.0,8.0,13.1,0.8,5.0,0,1
45,15/02/2019,0.0,3.4,9.0,14.6,0.8,4.4,0,1
46,16/02/2019,0.0,5.9,11.0,16.2,2.8,8.1,0,1
47,17/02/2019,0.0,4.0,9.5,15.0,1.7,6.7,0,1
48,18/02/2019,0.0,4.5,9.4,14.3,1.1,5.0,0,1
49,19/02/2019,0.0,5.4,9.7,14.0,0.8,4.4,0,1
50,20/02/2019,0.0,4.3,9.4,14.5,0.6,5.3,0,1
51,21/02/2019,0.0,5.2,10.7,16.2,0.8,5.0,0,1
52,22/02/2019,0.0,5.0,11.6,18.1,0.8,6.1,0,1
53,23/02/2019,0.0,3.7,10.9,18.1,0.6,5.6,0,1
54,24/02/2019,0.0,8.1,13.4,18.7,0.8,6.1,0,1
55,25/02/2019,0.0,6.4,12.4,18.5,0.8,4.2,0,1
56,26/02/2019,0.0,7.1,13.4,19.8,1.7,6.9,0,1
57,27/02/2019,0.0,7.0,13.4,19.8,1.4,5.3,0,1
58,28/02/2019,0.0,6.2,12.4,18.6,0.8,5.0,0,1
59,01/03/2019,0.0,6.8,13.2,19.5,1.7,7.2,0,1
60,02/03/2019,0.0,8.0,13.8,19.7,1.9,5.8,0,1
61,03/03/2019,0.0,6.1,13.2,20.2,1.9,10.3,0,1
62,04/03/2019,0.0,8.5,12.0,15.5,3.6,11.1,0,1
63,05/03/2019,0.0,8.7,12.0,15.2,3.3,11.7,0,1
64,06/03/2019,8.2,5.7,9.6,13.4,4.2,17.8,1,0
65,07/03/2019,0.0,3.2,7.6,12.1,2.5,9.4,0,1
66,08/03/2019,0.0,5.3,10.1,14.9,0.8,5.3,0,1
67,09/03/2019,0.0,5.0,11.5,18.0,0.6,4.7,0,1
68,10/03/2019,0.0,7.3,15.0,22.6,1.7,7.8,0,1
69,11/03/2019,0.0,10.0,14.6,19.3,2.2,8.6,0,1
70,12/03/2019,0.0,7.1,14.2,21.2,2.8,10.0,0,1
71,13/03/2019,0.0,7.5,11.0,14.5,3.3,11.1,0,1
72,14/03/2019,0.0,4.1,10.6,17.1,1.1,6.7,0,1
73,15/03/2019,0.0,6.0,14.4,22.8,1.1,5.3,0,1
74,16/03/2019,0.0,8.4,16.2,23.9,1.9,7.8,0,1
75,17/03/2019,0.0,7.8,13.8,19.7,2.5,12.5,0,1
76,18/03/2019,0.0,3.8,9.9,16.0,2.5,11.4,0,1
77,19/03/2019,0.0,6.3,11.2,16.0,2.8,10.8,0,1
78,20/03/2019,0.0,5.1,9.9,14.7,2.5,12.2,0,1
79,21/03/2019,0.0,4.8,9.9,15.0,0.6,6.9,0,1
80,22/03/2019,0.0,4.5,11.2,18.0,1.4,7.2,0,1
81,23/03/2019,0.0,7.6,14.1,20.6,2.5,7.8,0,1
82,24/03/2019,0.0,9.0,15.2,21.5,2.2,8.3,0,1
83,25/03/2019,0.0,10.0,16.4,22.7,2.5,13.3,0,1
84,26/03/2019,0.0,6.0,13.5,21.0,4.4,14.7,0,1
85,27/03/2019,0.0,5.5,12.0,18.5,0.6,8.9,0,1
86,28/03/2019,0.0,6.1,12.4,18.6,1.4,5.8,0,1
87,29/03/2019,0.0,6.6,12.4,18.2,2.8,8.9,0,1
88,30/03/2019,0.0,6.5,12.4,18.2,1.4,6.1,0,1
89,31/03/2019,1.6,9.2,10.6,12.0,1.4,5.6,1,0
90,01/04/2019,0.0,8.8,13.0,17.2,1.4,5.3,0,1
91,02/04/2019,2.0,7.4,12.7,18.0,0.8,9.7,1,0
92,03/04/2019,0.0,6.5,10.8,15.1,3.1,11.9,0,1
93,04/04/2019,1.3,2.5,8.2,14.0,1.7,11.1,1,0
94,05/04/2019,2.7,4.5,7.2,10.0,2.2,13.3,1,0
95,06/04/2019,3.5,2.9,7.5,12.1,3.6,14.7,1,0
96,07/04/2019,4.3,3.7,8.8,13.8,2.5,9.2,1,0
97,08/04/2019,0.2,6.9,12.0,17.0,2.8,12.5,1,0
98,09/04/2019,0.8,5.6,9.6,13.5,3.9,13.6,1,0
99,10/04/2019,0.0,6.5,11.1,15.7,2.5,9.2,0,1
100,11/04/2019,0.0,5.2,10.8,16.5,2.8,8.1,0,1
101,12/04/2019,0.0,4.0,11.8,19.5,0.8,6.4,0,1
102,13/04/2019,0.0,6.0,14.0,22.0,0.8,5.8,0,1
103,14/04/2019,0.0,10.0,17.0,24.0,1.4,11.1,0,1
104,15/04/2019,0.0,11.5,18.0,24.6,3.3,13.3,0,1
105,16/04/2019,0.0,7.9,15.0,22.0,0.8,11.1,0,1
106,17/04/2019,21.6,10.1,16.9,23.7,2.5,11.7,1,0
107,18/04/2019,7.7,9.1,11.0,13.0,1.4,7.2,1,0
108,19/04/2019,6.8,9.3,10.4,11.6,1.9,8.3,1,0
109,20/04/2019,0.3,9.4,14.4,19.5,3.9,15.0,1,0
110,21/04/2019,0.0,8.5,10.8,13.2,3.6,13.3,0,1
111,22/04/2019,0.7,8.0,13.5,19.0,1.9,8.3,1,0
112,23/04/2019,2.8,5.7,10.0,14.2,3.6,14.2,1,0
113,24/04/2019,28.5,5.4,8.4,11.4,3.1,14.4,1,0
114,25/04/2019,0.0,6.4,10.0,13.7,5.6,16.7,0,1
115,26/04/2019,0.0,7.2,12.6,18.0,1.9,8.6,0,1
116,27/04/2019,0.0,6.3,13.9,21.5,0.6,7.2,0,1
117,28/04/2019,0.0,11.0,17.5,24.0,1.7,8.3,0,1
118,29/04/2019,0.0,13.0,19.4,25.7,2.5,7.5,0,1
119,30/04/2019,0.0,13.5,19.8,26.0,1.7,8.6,0,1
120,01/05/2019,0.0,13.5,19.8,26.0,1.9,10.8,0,1
121,02/05/2019,0.0,13.0,19.2,25.4,1.1,7.2,0,1
122,03/05/2019,0.0,10.1,15.8,21.6,2.5,12.2,0,1
123,04/05/2019,0.0,7.2,14.8,22.3,1.4,10.8,0,1
124,05/05/2019,0.0,8.7,15.7,22.7,1.9,9.7,0,1
125,06/05/2019,0.0,9.0,17.0,25.0,1.9,9.2,0,1
126,07/05/2019,0.0,12.2,17.8,23.4,3.1,14.2,0,1
127,08/05/2019,0.0,13.1,16.2,19.3,5.3,17.2,0,1
128,09/05/2019,0.0,10.2,16.7,23.2,3.3,13.1,0,1
129,10/05/2019,0.0,14.8,19.8,24.7,2.5,10.0,0,1
130,11/05/2019,0.0,13.2,20.3,27.4,2.2,12.8,0,1
131,12/05/2019,0.0,10.0,18.4,26.9,1.7,11.7,0,1
132,13/05/2019,0.0,13.2,21.7,30.2,1.7,10.6,0,1
133,14/05/2019,0.0,13.6,21.0,28.5,1.4,5.8,0,1
134,15/05/2019,0.0,14.5,24.0,33.5,1.1,8.6,0,1
135,16/05/2019,0.1,11.0,20.5,30.0,2.8,16.7,1,1
136,17/05/2019,0.0,10.1,14.4,18.7,3.3,14.4,0,1
137,18/05/2019,0.0,8.0,13.4,18.7,2.2,9.2,0,1
138,19/05/2019,0.0,10.0,15.2,20.5,1.4,7.2,0,1
139,20/05/2019,0.0,9.7,15.7,21.7,1.9,7.5,0,1
140,21/05/2019,0.0,13.5,19.6,25.8,2.5,8.6,0,1
141,22/05/2019,0.0,13.2,20.7,28.2,1.1,7.8,0,1
142,23/05/2019,0.0,15.0,21.6,28.3,2.5,10.8,0,1
143,24/05/2019,0.0,13.2,19.4,25.6,4.4,13.3,0,1
144,25/05/2019,0.0,12.1,18.7,25.3,3.6,11.4,0,1
145,26/05/2019,0.0,10.8,19.2,27.5,1.7,10.3,0,1
146,27/05/2019,0.0,14.2,21.7,29.2,1.4,11.4,0,1
147,28/05/2019,0.0,13.4,20.2,27.0,2.5,13.3,0,1
148,29/05/2019,0.0,11.0,18.8,26.5,2.2,10.8,0,1
149,30/05/2019,0.0,14.0,22.2,30.3,1.7,8.1,0,1
150,31/05/2019,0.0,17.0,24.5,32.0,1.7,7.2,0,1
151,01/06/2019,0.0,17.2,25.2,33.1,1.7,5.8,0,1
152,02/06/2019,0.0,19.0,26.8,34.5,1.7,7.8,0,1
153,03/06/2019,0.0,20.3,26.6,32.8,3.1,12.5,0,1
154,04/06/2019,0.0,18.9,24.0,29.0,3.9,12.2,0,1
155,05/06/2019,0.0,12.7,17.4,22.1,3.9,13.6,0,1
156,06/06/2019,2.0,11.0,17.5,24.0,3.1,12.8,1,0
157,07/06/2019,0.0,9.0,15.5,22.0,1.9,13.6,0,1
158,08/06/2019,0.0,12.8,21.0,29.2,3.1,10.8,0,1
159,09/06/2019,0.0,14.2,21.0,27.7,2.5,10.6,0,1
160,10/06/2019,0.0,14.7,20.6,26.4,1.9,8.9,0,1
161,11/06/2019,0.0,14.0,17.5,21.0,3.6,11.9,0,1
162,12/06/2019,0.0,10.0,17.7,25.4,1.7,8.1,0,1
163,13/06/2019,0.0,14.4,21.4,28.5,2.5,8.6,0,1
164,14/06/2019,0.0,14.9,20.2,25.5,3.9,12.8,0,1
165,15/06/2019,0.0,12.0,18.8,25.7,1.1,6.1,0,1
166,16/06/2019,0.0,14.5,21.6,28.6,1.1,7.8,0,1
167,17/06/2019,0.0,16.0,24.0,32.0,1.7,8.6,0,1
168,18/06/2019,0.0,19.2,25.2,31.3,3.6,11.9,0,1
169,19/06/2019,0.0,18.0,22.5,27.0,3.1,11.4,0,1
170,20/06/2019,0.0,17.5,23.0,28.5,2.5,9.4,0,1
171,21/06/2019,0.0,17.7,23.6,29.6,1.4,9.7,0,1
172,22/06/2019,0.0,16.8,24.1,31.4,3.1,9.2,0,1
173,23/06/2019,0.0,18.5,26.0,33.4,1.4,8.1,0,1
174,24/06/2019,0.0,21.3,26.6,32.0,2.2,8.9,0,1
175,25/06/2019,0.0,19.3,26.8,34.2,1.9,9.4,0,1
176,26/06/2019,0.0,22.5,29.0,35.5,1.9,11.7,0,1
177,27/06/2019,0.0,22.7,30.6,38.5,4.2,14.4,0,1
178,28/06/2019,0.0,24.0,32.4,40.7,3.6,10.6,0,1
179,29/06/2019,0.0,24.5,32.2,40.0,1.9,7.8,0,1
180,30/06/2019,0.0,25.0,31.8,38.5,1.7,7.8,0,1
181,01/07/2019,0.0,23.8,30.0,36.3,1.9,12.8,0,1
182,02/07/2019,1.6,23.0,29.2,35.5,0.6,10.0,1,0
183,03/07/2019,0.0,22.0,28.6,35.2,2.5,12.8,0,1
184,04/07/2019,0.0,23.1,28.2,33.2,2.5,10.8,0,1
185,05/07/2019,0.0,21.6,27.6,33.7,1.9,9.2,0,1
186,06/07/2019,0.0,19.7,27.3,34.9,2.2,11.4,0,1
187,07/07/2019,0.0,19.5,27.0,34.5,0.8,7.8,0,1
188,08/07/2019,0.0,19.5,25.2,30.8,2.2,13.1,0,1
189,09/07/2019,0.0,17.5,23.8,30.1,1.4,9.7,0,1
190,10/07/2019,0.0,18.2,25.6,33.1,0.8,8.3,0,1
191,11/07/2019,0.0,20.8,28.9,37.0,1.7,6.1,0,1
192,12/07/2019,0.0,24.2,31.5,38.8,1.7,7.5,0,1
193,13/07/2019,0.0,24.1,29.6,35.0,3.3,12.5,0,1
194,14/07/2019,0.0,21.6,27.4,33.1,0.6,7.8,0,1
195,15/07/2019,0.0,20.4,28.0,35.6,2.2,10.0,0,1
196,16/07/2019,0.0,22.0,29.4,36.8,2.2,8.1,0,1
197,17/07/2019,0.0,22.6,28.4,34.2,1.7,6.1,0,1
198,18/07/2019,0.0,21.5,28.6,35.7,0.3,9.7,0,1
199,19/07/2019,0.0,23.1,30.1,37.1,1.9,9.2,0,1
200,20/07/2019,0.0,24.4,30.8,37.3,1.4,8.6,0,1
201,21/07/2019,6.2,23.8,30.9,38.0,1.9,13.3,1,0
202,22/07/2019,0.0,23.7,30.4,37.2,2.8,10.6,0,1
203,23/07/2019,0.8,23.7,30.8,38.0,3.1,14.4,1,0
204,24/07/2019,0.0,22.8,30.2,37.5,1.7,8.1,0,1
205,25/07/2019,0.0,24.4,30.4,36.3,2.8,11.4,0,1
206,26/07/2019,0.0,21.8,26.9,32.0,3.1,10.8,0,1
207,27/07/2019,0.0,19.0,23.0,27.0,2.8,11.9,0,1
208,28/07/2019,0.0,16.2,23.1,30.0,1.7,8.3,0,1
209,29/07/2019,0.0,19.7,26.5,33.3,2.5,11.9,0,1
210,30/07/2019,0.0,17.4,24.4,31.5,0.8,13.3,0,1
211,31/07/2019,0.0,18.4,26.1,33.8,2.2,13.3,0,1
212,01/08/2019,0.0,20.5,27.4,34.3,2.5,10.0,0,1
213,02/08/2019,0.0,22.4,29.0,35.6,1.9,8.3,0,1
214,03/08/2019,0.0,22.2,29.1,36.0,2.2,10.6,0,1
215,04/08/2019,0.0,21.3,28.6,36.0,1.9,8.9,0,1
216,05/08/2019,0.0,21.5,28.9,36.3,1.7,8.9,0,1
217,06/08/2019,0.0,21.1,28.2,35.4,1.7,10.0,0,1
218,07/08/2019,0.0,21.5,24.2,26.9,2.2,8.1,0,1
219,08/08/2019,0.0,19.5,26.5,33.5,2.5,11.4,0,1
220,09/08/2019,0.0,21.8,26.6,31.4,4.7,15.3,0,1
221,10/08/2019,0.0,19.0,25.3,31.6,1.9,10.0,0,1
222,11/08/2019,0.0,20.0,24.8,29.6,2.8,11.4,0,1
223,12/08/2019,0.0,15.5,21.4,27.4,2.2,11.7,0,1
224,13/08/2019,0.0,15.7,22.5,29.3,2.2,11.4,0,1
225,14/08/2019,0.0,18.0,25.4,32.7,1.1,7.5,0,1
226,15/08/2019,0.0,20.5,28.0,35.6,1.7,10.3,0,1
227,16/08/2019,0.0,22.1,29.0,36.0,2.2,9.2,0,1
228,17/08/2019,0.0,22.2,29.7,37.2,2.2,9.7,0,1
229,18/08/2019,0.0,20.6,27.8,35.0,2.8,12.5,0,1
230,19/08/2019,0.4,21.4,27.4,33.4,2.2,10.8,1,0
231,20/08/2019,0.1,20.2,25.1,30.0,3.1,9.4,1,1
232,21/08/2019,16.2,17.7,24.0,30.2,0.8,13.6,1,0
233,22/08/2019,0.0,17.0,24.0,31.0,1.7,6.4,0,1
234,23/08/2019,0.0,20.0,26.2,32.3,0.8,5.3,0,1
235,24/08/2019,0.0,20.5,27.0,33.6,1.4,6.7,0,1
236,25/08/2019,4.2,21.6,27.8,34.0,2.8,9.7,1,0
237,26/08/2019,26.9,15.4,20.9,26.4,1.7,10.3,1,0
238,27/08/2019,0.0,15.0,20.6,26.2,0.8,6.1,0,1
239,28/08/2019,0.0,18.4,24.3,30.2,1.7,4.7,0,1
240,29/08/2019,0.0,20.0,26.2,32.5,0.8,6.7,0,1
241,30/08/2019,10.6,20.0,27.1,34.2,1.9,13.1,1,0
242,31/08/2019,0.0,18.0,25.0,32.0,0.6,5.3,0,1
243,01/09/2019,0.0,20.5,26.2,31.9,1.9,13.9,0,1
244,02/09/2019,0.0,18.2,24.4,30.6,3.1,12.2,0,1
245,03/09/2019,0.0,18.8,25.2,31.5,1.7,7.5,0,1
246,04/09/2019,0.0,19.5,26.1,32.7,1.1,11.1,0,1
247,05/09/2019,0.0,15.5,21.6,27.7,3.3,15.6,0,1
248,06/09/2019,0.0,12.4,19.2,26.0,2.2,12.2,0,1
249,07/09/2019,0.0,14.0,20.8,27.5,1.7,11.4,0,1
250,08/09/2019,0.0,16.8,22.8,28.7,1.9,8.6,0,1
251,09/09/2019,0.0,16.5,23.2,29.8,3.1,11.9,0,1
252,10/09/2019,0.0,14.2,18.1,22.0,3.3,13.9,0,1
253,11/09/2019,0.0,14.4,20.2,26.0,4.2,15.8,0,1
254,12/09/2019,0.0,15.8,22.1,28.4,3.3,12.8,0,1
255,13/09/2019,6.8,14.7,17.7,20.7,3.3,11.7,1,0
256,14/09/2019,13.7,15.6,18.0,20.5,2.8,8.6,1,0
257,15/09/2019,1.7,15.5,18.8,22.0,2.2,7.2,1,0
258,16/09/2019,0.0,16.6,21.0,25.3,0.8,9.2,0,1
259,17/09/2019,0.0,17.0,22.7,28.4,1.7,11.4,0,1
260,18/09/2019,0.0,17.0,22.0,27.1,1.4,5.8,0,1
261,19/09/2019,0.0,17.5,23.2,29.0,1.7,5.8,0,1
262,20/09/2019,6.7,16.4,20.7,25.0,2.5,13.6,1,0
263,21/09/2019,4.2,14.6,18.0,21.5,1.1,5.3,1,0
264,22/09/2019,0.0,15.2,19.4,23.7,2.5,8.3,0,1
265,23/09/2019,0.0,12.0,17.5,23.0,1.1,5.6,0,1
266,24/09/2019,0.0,13.0,19.8,26.5,2.5,10.3,0,1
267,25/09/2019,0.0,14.0,19.0,23.9,1.4,8.6,0,1
268,26/09/2019,0.0,15.4,21.0,26.5,1.4,5.0,0,1
269,27/09/2019,0.0,14.8,21.5,28.2,1.4,6.7,0,1
270,28/09/2019,0.0,15.2,21.4,27.5,1.4,5.3,0,1
271,29/09/2019,0.0,15.2,22.6,29.9,1.7,7.5,0,1
272,30/09/2019,0.0,14.0,21.5,29.0,1.4,7.5,0,1
273,01/10/2019,0.0,14.0,20.2,26.5,2.2,11.4,0,1
274,02/10/2019,0.0,14.0,18.1,22.2,1.9,10.0,0,1
275,03/10/2019,0.0,11.8,18.0,24.2,1.1,4.7,0,1
276,04/10/2019,0.0,13.5,19.9,26.3,1.4,5.8,0,1
277,05/10/2019,0.0,14.3,20.2,26.0,1.1,5.0,0,1
278,06/10/2019,0.0,13.5,20.0,26.5,1.4,6.9,0,1
279,07/10/2019,0.0,15.0,20.8,26.6,0.8,6.1,0,1
280,08/10/2019,0.0,15.1,21.6,28.0,1.1,5.8,0,1
281,09/10/2019,0.0,16.0,21.5,27.0,0.6,10.3,0,1
282,10/10/2019,0.0,15.1,19.9,24.7,1.9,11.1,0,1
283,11/10/2019,0.0,16.0,20.6,25.3,1.1,5.0,0,1
284,12/10/2019,5.4,15.7,20.8,26.0,1.4,12.8,1,0
285,13/10/2019,0.0,15.2,18.9,22.6,1.4,6.7,0,1
286,14/10/2019,3.2,8.4,14.0,19.5,3.9,17.2,1,0
287,15/10/2019,0.0,7.0,11.6,16.3,1.7,7.2,0,1
288,16/10/2019,0.6,7.8,13.1,18.4,1.9,7.5,1,0
289,17/10/2019,2.3,9.7,12.8,15.9,1.4,6.4,1,0
290,18/10/2019,0.1,14.0,16.9,19.8,2.5,9.7,1,1
291,19/10/2019,18.4,11.3,14.2,17.0,2.5,8.9,1,0
292,20/10/2019,0.5,6.8,9.6,12.5,2.5,10.3,1,0
293,21/10/2019,0.0,6.3,10.4,14.4,1.1,6.1,0,1
294,22/10/2019,10.1,8.3,9.6,11.0,2.5,10.0,1,0
295,23/10/2019,1.5,7.0,8.6,10.2,1.4,6.4,1,0
296,24/10/2019,0.0,7.5,12.0,16.5,1.4,6.4,0,1
297,25/10/2019,0.0,8.2,13.4,18.6,1.1,4.2,0,1
298,26/10/2019,0.0,9.5,15.2,20.9,1.1,5.6,0,1
299,27/10/2019,0.0,10.6,15.8,20.9,0.8,5.6,0,1
300,28/10/2019,0.0,13.4,17.3,21.2,1.7,5.6,0,1
301,29/10/2019,0.0,11.0,14.3,17.6,0.6,3.3,0,1
302,30/10/2019,0.0,10.8,14.4,18.0,0.8,6.4,0,1
303,31/10/2019,0.5,14.2,18.0,21.7,1.4,8.1,1,0
304,01/11/2019,0.2,14.3,16.8,19.3,3.1,12.2,1,0
305,02/11/2019,0.0,13.2,15.9,18.6,3.3,11.9,0,1
306,03/11/2019,0.0,12.6,14.6,16.5,5.0,17.8,0,1
307,04/11/2019,1.3,8.7,12.6,16.6,5.3,14.7,1,0
308,05/11/2019,1.8,7.7,11.2,14.7,3.1,13.1,1,0
309,06/11/2019,0.1,7.4,10.6,13.7,1.9,10.3,1,1
310,07/11/2019,1.0,3.7,8.2,12.6,3.3,11.9,1,0
311,08/11/2019,0.1,4.3,8.4,12.4,3.3,13.9,1,1
312,09/11/2019,1.4,5.2,8.4,11.5,1.9,12.8,1,0
313,10/11/2019,0.0,4.5,7.0,9.6,3.3,12.2,0,1
314,11/11/2019,0.0,3.9,7.8,11.8,1.7,7.2,0,1
315,12/11/2019,5.4,4.2,8.4,12.6,1.7,9.2,1,0
316,13/11/2019,1.8,9.0,12.0,15.0,2.8,13.6,1,0
317,14/11/2019,0.5,4.9,7.6,10.2,3.6,14.4,1,0
318,15/11/2019,0.0,4.2,6.7,9.2,2.8,11.9,0,1
319,16/11/2019,0.0,1.5,5.7,9.9,1.4,10.3,0,1
320,17/11/2019,3.9,3.5,5.6,7.8,2.2,7.5,1,0
321,18/11/2019,0.0,3.0,6.8,10.5,3.3,7.5,0,1
322,19/11/2019,0.0,0.7,5.0,9.4,0.8,5.8,0,1
323,20/11/2019,5.2,3.2,5.9,8.6,0.6,5.3,1,0
324,21/11/2019,1.6,5.5,7.2,8.8,0.8,6.1,1,0
325,22/11/2019,8.8,6.4,8.9,11.4,3.1,13.3,1,0
326,23/11/2019,0.0,6.5,9.1,11.7,3.6,16.1,0,1
327,24/11/2019,0.0,6.0,8.9,11.8,3.1,10.3,0,1
328,25/11/2019,0.0,8.5,12.0,15.6,2.2,8.6,0,1
329,26/11/2019,2.5,9.5,11.4,13.4,1.7,11.4,1,0
330,27/11/2019,0.0,9.6,11.4,13.3,2.5,10.8,0,1
331,28/11/2019,0.0,8.0,9.8,11.7,2.8,9.2,0,1
332,29/11/2019,0.6,11.0,12.6,14.3,1.9,9.4,1,0
333,30/11/2019,7.8,8.5,11.7,14.9,3.1,11.4,1,0
334,01/12/2019,26.8,6.2,7.4,8.7,1.1,8.1,1,0
335,02/12/2019,0.0,5.3,8.0,10.8,5.0,12.2,0,1
336,03/12/2019,2.0,2.8,5.9,9.0,3.3,11.4,1,0
337,04/12/2019,2.0,5.4,8.5,11.6,3.1,11.1,1,0
338,05/12/2019,0.0,7.9,10.0,12.0,3.6,12.8,0,1
339,06/12/2019,0.0,6.7,9.6,12.5,1.1,6.1,0,1
340,07/12/2019,0.0,3.7,7.8,12.0,0.8,4.7,0,1
341,08/12/2019,2.7,4.1,5.6,7.0,0.3,3.1,1,0
342,09/12/2019,0.0,4.7,8.2,11.6,1.4,5.8,0,1
343,10/12/2019,0.0,3.9,6.0,8.0,0.6,4.2,0,1
344,11/12/2019,0.3,3.8,7.4,11.0,2.8,11.7,1,0
345,12/12/2019,1.7,4.5,7.1,9.7,3.9,13.3,1,0
346,13/12/2019,0.0,8.5,11.5,14.5,3.9,13.3,0,1
347,14/12/2019,0.0,6.8,9.6,12.5,2.5,7.8,0,1
348,15/12/2019,0.0,7.2,9.5,11.8,1.9,6.7,0,1
349,16/12/2019,0.3,6.8,10.5,14.2,3.3,9.2,1,0
350,17/12/2019,0.9,7.1,9.2,11.2,1.7,5.8,1,0
351,18/12/2019,1.2,4.0,6.8,9.5,0.6,5.0,1,0
352,19/12/2019,38.4,7.2,9.8,12.3,1.9,16.1,1,0
353,20/12/2019,12.8,10.7,11.8,12.8,4.2,18.1,1,0
354,21/12/2019,1.0,10.4,13.2,16.0,5.3,20.6,1,0
355,22/12/2019,0.0,9.0,11.2,13.5,3.9,16.9,0,1
356,23/12/2019,0.0,5.5,8.9,12.3,1.1,9.4,0,1
357,24/12/2019,0.0,5.9,10.0,14.0,1.1,4.7,0,1
358,25/12/2019,0.0,5.6,10.3,15.0,0.6,4.4,0,1
359,26/12/2019,0.0,6.1,10.3,14.5,1.1,7.5,0,1
360,27/12/2019,0.0,4.3,8.9,13.5,0.8,7.5,0,1
361,28/12/2019,0.0,2.5,8.2,13.9,0.6,3.6,0,1
362,29/12/2019,0.0,2.5,7.8,13.2,0.8,3.9,0,1
363,30/12/2019,0.0,2.5,7.0,11.5,0.8,9.147068676716918,0,1
364,31/12/2019,0.0,2.3,6.8,11.4,0.3,3.1,0,1
365,01/01/2020,0.0,1.9,6.6,11.2,0.3,3.3,0,1
366,02/01/2020,0.0,1.6,6.0,10.5,0.6,3.3,0,1
367,03/01/2020,0.0,1.5,3.8,6.0,0.6,5.0,0,1
368,04/01/2020,0.0,2.8,7.0,11.2,2.5,9.4,0,1
369,05/01/2020,0.0,1.5,6.2,10.9,0.8,5.3,0,1
370,06/01/2020,0.0,1.4,6.7,12.0,0.6,3.6,0,1
371,07/01/2020,0.0,0.8,6.4,12.0,0.8,3.1,0,1
372,08/01/2020,0.0,1.8,7.6,13.5,0.3,3.3,0,1
373,09/01/2020,0.0,4.0,7.8,11.5,1.1,9.4,0,1
374,10/01/2020,0.0,4.2,7.5,10.8,3.3,9.7,0,1
375,11/01/2020,0.0,2.0,6.2,10.4,1.4,6.1,0,1
376,12/01/2020,0.0,-0.7,4.2,9.0,1.1,3.1,0,1
377,13/01/2020,0.0,-0.5,4.0,8.5,1.1,5.6,0,1
378,14/01/2020,0.0,-0.5,4.0,8.4,0.8,6.4,0,1
379,15/01/2020,0.0,3.3,5.8,8.3,0.6,4.7,0,1
380,16/01/2020,0.0,7.2,10.0,12.8,1.1,8.3,0,1
381,17/01/2020,0.8,4.8,8.6,12.5,1.7,9.2,1,0
382,18/01/2020,1.6,5.3,6.9,8.5,1.1,9.7,1,0
383,19/01/2020,0.1,3.1,6.6,10.1,4.4,20.8,1,1
384,20/01/2020,0.0,1.7,3.7,5.7,6.1,18.9,0,1
385,21/01/2020,2.7,3.6,5.4,7.3,6.1,17.5,1,0
386,22/01/2020,1.2,4.4,7.2,10.0,2.8,11.4,1,0
387,23/01/2020,1.0,3.2,6.6,10.0,2.5,11.9,1,0
388,24/01/2020,5.4,6.2,7.7,9.2,0.8,5.6,1,0
389,25/01/2020,3.0,5.8,7.7,9.6,1.7,6.7,1,0
390,26/01/2020,0.0,3.0,6.6,10.1,0.6,8.1,0,1
391,27/01/2020,0.2,3.0,6.0,9.0,1.7,9.4,1,0
392,28/01/2020,0.1,8.0,10.2,12.4,3.3,10.3,1,1
393,29/01/2020,0.0,9.9,11.8,13.7,1.9,8.3,0,1
394,30/01/2020,0.1,8.4,10.1,11.8,2.8,8.3,1,1
395,31/01/2020,0.2,9.5,12.6,15.7,1.7,6.9,1,0
396,01/02/2020,0.0,10.4,14.0,17.5,2.8,8.1,0,1
397,02/02/2020,0.0,10.6,11.6,12.7,0.6,3.9,0,1
398,03/02/2020,0.0,8.1,12.8,17.4,0.6,4.7,0,1
399,04/02/2020,0.0,6.5,11.6,16.8,1.7,10.0,0,1
400,05/02/2020,0.0,4.7,8.8,13.0,1.1,7.5,0,1
401,06/02/2020,0.0,4.5,7.4,10.2,0.8,5.3,0,1
402,07/02/2020,0.0,5.2,8.4,11.6,0.8,4.7,0,1
403,08/02/2020,0.0,6.2,8.6,11.0,0.3,5.3,0,1
404,09/02/2020,0.0,7.5,9.4,11.4,0.8,4.7,0,1
405,10/02/2020,0.0,7.2,11.4,15.5,0.6,3.6,0,1
406,11/02/2020,0.0,7.5,10.2,13.0,0.6,3.1,0,1
407,12/02/2020,0.0,9.7,10.5,11.3,0.8,3.9,0,1
408,13/02/2020,0.0,7.8,11.0,14.3,1.4,6.1,0,1
409,14/02/2020,0.0,6.9,10.2,13.5,0.6,4.4,0,1
410,15/02/2020,0.0,4.9,10.2,15.4,0.8,5.0,0,1
411,16/02/2020,0.0,5.4,11.2,17.0,1.7,9.2,0,1
412,17/02/2020,0.0,6.8,10.4,14.0,0.8,6.9,0,1
413,18/02/2020,0.0,5.7,9.6,13.4,1.4,8.3,0,1
414,19/02/2020,0.0,3.9,9.0,14.2,1.7,6.9,0,1
415,20/02/2020,0.0,3.6,9.6,15.6,1.1,4.7,0,1
416,21/02/2020,0.0,3.9,11.1,18.3,0.8,6.7,0,1
417,22/02/2020,0.0,5.2,12.6,20.0,0.8,5.3,0,1
418,23/02/2020,0.0,7.6,13.9,20.2,0.8,8.6,0,1
419,24/02/2020,0.0,6.6,13.4,20.1,1.1,5.6,0,1
420,25/02/2020,0.0,5.6,12.3,19.0,2.5,9.7,0,1
421,26/02/2020,0.0,6.5,11.0,15.5,3.1,10.8,0,1
422,27/02/2020,0.0,6.4,12.4,18.5,3.9,11.9,0,1
423,28/02/2020,0.0,7.4,12.8,18.2,1.1,5.8,0,1
424,29/02/2020,0.0,7.4,10.3,13.2,4.4,14.4,0,1
425,01/03/2020,2.2,8.3,11.8,15.2,4.2,13.9,1,0
426,02/03/2020,0.0,6.3,9.5,12.7,4.7,20.0,0,1
427,03/03/2020,0.0,5.2,9.8,14.4,3.1,11.4,0,1
428,04/03/2020,0.0,10.6,14.9,19.2,2.8,10.8,0,1
429,05/03/2020,0.5,8.1,12.0,15.9,4.4,16.1,1,0
430,06/03/2020,0.0,6.2,9.6,13.0,4.2,16.9,0,1
431,07/03/2020,0.0,3.5,9.6,15.8,1.7,6.9,0,1
432,08/03/2020,0.0,3.5,9.4,15.2,1.4,10.3,0,1
433,09/03/2020,0.0,7.7,12.1,16.5,1.7,11.1,0,1
434,10/03/2020,0.0,7.4,14.8,22.3,1.1,5.8,0,1
435,11/03/2020,0.0,9.8,16.9,24.0,0.8,4.2,0,1
436,12/03/2020,0.0,12.5,18.2,24.0,1.4,5.3,0,1
437,13/03/2020,0.0,11.9,17.3,22.7,1.4,6.9,0,1
438,14/03/2020,0.0,10.6,16.2,21.8,1.1,6.9,0,1
439,15/03/2020,7.7,9.5,15.0,20.5,1.9,11.4,1,0
440,16/03/2020,3.0,3.9,7.0,10.2,1.4,11.4,1,0
441,17/03/2020,0.2,5.0,10.5,16.0,2.5,10.8,1,0
442,18/03/2020,0.0,10.3,13.3,16.3,1.1,7.8,0,1
443,19/03/2020,0.0,10.2,13.5,16.8,1.7,8.3,0,1
444,20/03/2020,0.0,9.2,10.8,12.5,2.8,7.8,0,1
445,21/03/2020,2.2,7.2,8.2,9.3,1.4,7.2,1,0
446,22/03/2020,9.5,6.7,9.8,13.0,1.9,7.2,1,0
447,23/03/2020,4.0,7.2,10.8,14.4,1.9,11.1,1,0
448,24/03/2020,0.0,8.5,12.0,15.6,2.2,8.9,0,1
449,25/03/2020,0.0,6.4,11.7,17.0,2.2,7.5,0,1
450,26/03/2020,0.0,4.0,10.0,15.9,2.8,9.7,0,1
451,27/03/2020,0.0,2.0,6.2,10.3,2.8,9.7,0,1
452,28/03/2020,0.0,2.6,9.2,15.7,1.9,7.2,0,1
453,29/03/2020,0.0,5.0,12.2,19.3,1.4,9.2,0,1
454,30/03/2020,9.8,0.5,5.6,10.8,4.2,11.9,1,0
455,31/03/2020,18.2,0.1,4.8,9.6,2.8,11.1,1,0
456,01/04/2020,0.9,5.7,9.6,13.5,1.7,7.5,1,0
457,02/04/2020,0.0,3.4,9.3,15.2,2.8,9.7,0,1
458,03/04/2020,0.0,5.0,11.4,17.7,1.1,7.2,0,1
459,04/04/2020,0.0,5.8,12.2,18.5,3.6,11.4,0,1
460,05/04/2020,0.8,8.9,14.2,19.4,1.7,7.2,1,0
461,06/04/2020,7.2,11.6,14.8,17.9,1.9,7.5,1,0
462,07/04/2020,6.7,10.6,14.0,17.3,1.1,6.1,1,0
463,08/04/2020,0.0,10.6,16.1,21.6,1.1,6.1,0,1
464,09/04/2020,14.2,11.0,13.1,15.2,1.4,6.4,1,0
465,10/04/2020,2.7,10.0,11.9,13.8,1.1,6.7,1,0
466,11/04/2020,0.2,11.2,14.8,18.3,1.4,5.8,1,0
467,12/04/2020,2.4,10.0,15.0,20.0,1.1,8.3,1,0
468,13/04/2020,1.1,7.6,12.9,18.2,1.1,6.7,1,0
469,14/04/2020,3.0,11.0,13.9,16.8,1.4,9.7,1,0
470,15/04/2020,18.1,8.4,11.8,15.3,3.1,15.0,1,0
471,16/04/2020,3.5,9.8,14.2,18.7,2.8,12.5,1,0
472,17/04/2020,0.0,10.5,14.2,17.8,1.9,8.6,0,1
473,18/04/2020,3.3,10.4,15.4,20.5,1.1,6.4,1,0
474,19/04/2020,5.2,9.2,13.6,18.1,1.4,8.6,1,0
475,20/04/2020,0.4,7.6,13.1,18.6,1.9,10.8,1,0
476,21/04/2020,0.1,7.8,11.4,14.9,1.4,8.3,1,1
477,22/04/2020,0.0,9.1,14.4,19.6,1.1,6.1,0,1
478,23/04/2020,0.0,12.4,16.2,20.0,1.4,5.3,0,1
479,24/04/2020,0.0,11.2,16.6,22.1,1.7,6.9,0,1
480,25/04/2020,0.0,11.6,17.3,23.0,1.7,8.3,0,1
481,26/04/2020,0.0,12.2,16.5,20.8,2.2,10.0,0,1
482,27/04/2020,0.0,10.1,13.7,17.3,2.8,10.3,0,1
483,28/04/2020,0.0,7.7,12.6,17.6,2.8,10.0,0,1
484,29/04/2020,0.0,7.1,13.4,19.7,3.1,13.6,0,1
485,30/04/2020,0.0,10.4,15.0,19.6,3.9,12.5,0,1
486,01/05/2020,0.0,10.9,16.4,21.9,2.8,10.3,0,1
487,02/05/2020,0.0,12.0,19.0,25.9,1.9,9.2,0,1
488,03/05/2020,0.0,12.4,20.6,28.8,1.1,6.1,0,1
489,04/05/2020,0.0,16.6,23.3,30.0,2.8,13.9,0,1
490,05/05/2020,0.0,12.9,18.3,23.7,2.2,9.7,0,1
491,06/05/2020,0.0,10.1,17.8,25.6,0.6,7.2,0,1
492,07/05/2020,0.0,14.8,20.4,26.1,3.3,10.8,0,1
493,08/05/2020,0.0,15.7,21.6,27.5,1.7,7.2,0,1
494,09/05/2020,0.1,13.0,18.1,23.2,2.8,10.0,1,1
495,10/05/2020,0.0,9.3,14.4,19.5,3.9,12.2,0,1
496,11/05/2020,1.2,10.0,14.8,19.6,3.6,12.2,1,0
497,12/05/2020,19.3,9.3,12.2,15.2,3.1,8.3,1,0
498,13/05/2020,9.0,9.3,14.0,18.8,1.7,7.8,1,0
499,14/05/2020,11.4,9.1,11.9,14.7,1.4,7.5,1,0
500,15/05/2020,13.2,9.7,14.4,19.0,1.1,7.8,1,0
501,16/05/2020,0.8,10.8,15.6,20.3,3.1,10.6,1,0
502,17/05/2020,0.0,9.5,16.0,22.4,1.9,11.4,0,1
503,18/05/2020,0.0,10.6,18.9,27.2,1.1,9.2,0,1
504,19/05/2020,0.0,13.1,21.2,29.3,0.8,7.5,0,1
505,20/05/2020,0.0,14.6,22.8,30.9,1.1,7.2,0,1
506,21/05/2020,0.0,15.0,23.3,31.6,1.7,6.7,0,1
507,22/05/2020,0.0,16.4,24.2,32.0,1.7,9.2,0,1
508,23/05/2020,0.0,17.5,25.0,32.5,1.9,11.7,0,1
509,24/05/2020,0.0,17.7,24.0,30.2,1.7,10.6,0,1
510,25/05/2020,1.8,17.2,24.0,30.9,1.9,11.7,1,0
511,26/05/2020,0.0,16.7,21.0,25.4,2.5,8.1,0,1
512,27/05/2020,0.0,17.0,23.5,30.0,2.5,9.2,0,1
513,28/05/2020,0.0,17.3,23.4,29.4,1.7,7.2,0,1
514,29/05/2020,0.0,15.7,23.2,30.6,1.1,6.7,0,1
515,30/05/2020,0.0,17.9,24.8,31.6,1.7,6.7,0,1
516,31/05/2020,37.8,15.4,23.0,30.7,2.2,18.3,1,0
517,01/06/2020,0.0,14.9,21.1,27.3,0.8,5.3,0,1
518,02/06/2020,0.0,17.5,23.0,28.5,1.1,8.3,0,1
519,03/06/2020,4.5,16.0,22.0,28.0,2.8,11.7,1,0
520,04/06/2020,0.0,14.9,18.9,22.9,3.6,12.8,0,1
521,05/06/2020,0.0,12.7,20.2,27.6,1.4,7.5,0,1
522,06/06/2020,0.0,15.6,21.4,27.1,2.8,13.6,0,1
523,07/06/2020,2.0,13.0,18.8,24.7,1.4,10.6,1,0
524,08/06/2020,0.0,11.0,17.1,23.2,2.8,9.147068676716918,0,1
525,09/06/2020,0.0,10.8,17.3,23.8,2.0142384105960263,9.147068676716918,0,1
526,10/06/2020,0.0,11.6,18.6,25.5,2.0142384105960263,9.147068676716918,0,1
527,11/06/2020,0.0,14.2,19.1,24.0,2.0142384105960263,9.147068676716918,0,1
528,12/06/2020,1.8,10.0,15.4,20.9,2.0142384105960263,9.147068676716918,1,0
529,13/06/2020,0.0,10.3,16.8,23.4,2.0142384105960263,9.147068676716918,0,1
530,14/06/2020,0.0,12.9,19.2,25.5,2.0142384105960263,9.147068676716918,0,1
531,15/06/2020,0.0,14.1,20.6,27.0,2.0142384105960263,9.147068676716918,0,1
532,16/06/2020,0.0,15.8,20.7,25.6,2.0142384105960263,9.147068676716918,0,1
533,17/06/2020,0.0,13.7,20.4,27.1,2.0142384105960263,9.147068676716918,0,1
534,18/06/2020,0.0,15.8,22.4,28.9,2.0142384105960263,9.147068676716918,0,1
535,19/06/2020,0.0,16.5,23.4,30.3,2.0142384105960263,9.147068676716918,0,1
536,20/06/2020,0.0,16.5,24.4,32.3,2.0142384105960263,9.147068676716918,0,1
537,21/06/2020,0.0,18.8,26.4,33.9,2.0142384105960263,9.147068676716918,0,1
538,22/06/2020,0.0,19.1,26.8,34.4,2.0142384105960263,9.147068676716918,0,1
539,23/06/2020,0.0,21.6,28.9,36.2,2.0142384105960263,9.147068676716918,0,1
540,24/06/2020,0.1,22.7,27.0,31.3,2.0142384105960263,9.147068676716918,1,1
541,25/06/2020,0.0,21.7,28.2,34.6,2.0142384105960263,9.147068676716918,0,1
542,26/06/2020,0.0,20.8,26.0,31.2,2.0142384105960263,9.147068676716918,0,1
543,27/06/2020,0.0,18.5,25.3,32.1,2.0142384105960263,9.147068676716918,0,1
544,28/06/2020,0.0,20.0,27.2,34.4,2.0142384105960263,9.147068676716918,0,1
545,29/06/2020,0.0,21.2,28.8,36.5,0.0,9.147068676716918,0,1
546,30/06/2020,0.0,22.1,29.6,37.0,2.0142384105960263,9.147068676716918,0,1
547,01/07/2020,0.0,20.7,28.0,35.4,2.0142384105960263,9.147068676716918,0,1
548,02/07/2020,0.0,20.8,26.9,33.0,2.0142384105960263,9.147068676716918,0,1
549,03/07/2020,0.0,16.6,23.9,31.2,2.0142384105960263,9.147068676716918,0,1
550,04/07/2020,0.0,18.4,26.0,33.5,2.0142384105960263,9.147068676716918,0,1
551,05/07/2020,0.0,20.3,27.9,35.5,2.0142384105960263,9.147068676716918,0,1
552,06/07/2020,0.0,22.5,29.6,36.8,2.0142384105960263,9.147068676716918,0,1
553,07/07/2020,0.0,22.4,30.1,37.8,0.0,9.147068676716918,0,1
554,08/07/2020,0.0,24.0,29.6,35.1,2.0142384105960263,9.147068676716918,0,1
555,09/07/2020,0.0,21.0,27.6,34.2,0.0,9.147068676716918,0,1
556,10/07/2020,0.0,18.9,26.0,33.1,2.0142384105960263,9.147068676716918,0,1
557,11/07/2020,0.6,21.6,28.8,36.1,2.0142384105960263,9.147068676716918,1,0
558,12/07/2020,0.0,21.4,27.1,32.8,2.0142384105960263,9.147068676716918,0,1
559,13/07/2020,0.0,19.8,27.0,34.3,2.0142384105960263,9.147068676716918,0,1
560,14/07/2020,0.0,19.7,26.6,33.5,2.0142384105960263,9.147068676716918,0,1
561,15/07/2020,0.0,18.1,25.3,32.5,2.0142384105960263,9.147068676716918,0,1
562,16/07/2020,0.0,18.4,26.2,34.1,2.2,9.2,0,1
563,17/07/2020,0.0,20.5,27.6,34.6,3.3,9.2,0,1
564,18/07/2020,0.0,19.0,26.8,34.7,2.8,6.9,0,1
565,19/07/2020,0.0,21.8,29.2,36.7,2.2,8.9,0,1
566,20/07/2020,0.0,21.0,28.8,36.6,1.7,7.2,0,1
567,21/07/2020,5.4,24.0,29.5,35.0,2.8,10.3,1,0
568,22/07/2020,0.0,16.6,24.2,31.7,2.0142384105960263,9.147068676716918,0,1
569,23/07/2020,0.0,21.6,28.8,36.1,2.0142384105960263,9.147068676716918,0,1
570,24/07/2020,0.0,22.0,28.8,35.7,2.0142384105960263,9.147068676716918,0,1
571,25/07/2020,0.0,22.2,29.4,36.5,2.0142384105960263,9.147068676716918,0,1
572,26/07/2020,0.0,23.0,30.5,38.0,2.0142384105960263,9.147068676716918,0,1
573,27/07/2020,0.0,25.0,32.2,39.4,2.0142384105960263,9.147068676716918,0,1
574,28/07/2020,0.0,23.4,29.5,35.6,2.0142384105960263,9.147068676716918,0,1
575,29/07/2020,0.0,23.2,30.2,37.2,2.0142384105960263,9.147068676716918,0,1
576,30/07/2020,0.0,23.5,31.4,39.2,2.0142384105960263,9.147068676716918,0,1
577,31/07/2020,0.0,24.0,30.9,37.8,0.0,9.147068676716918,0,1
578,01/08/2020,0.0,21.5,29.5,37.5,2.0142384105960263,9.147068676716918,0,1
579,02/08/2020,0.0,21.5,28.6,35.6,2.0142384105960263,9.147068676716918,0,1
580,03/08/2020,0.0,17.0,24.0,31.0,2.0142384105960263,9.147068676716918,0,1
581,04/08/2020,0.0,19.1,26.1,33.1,2.0142384105960263,9.147068676716918,0,1
582,05/08/2020,0.0,20.5,27.8,35.0,2.0142384105960263,9.147068676716918,0,1
583,06/08/2020,0.0,23.9,30.8,37.7,2.0142384105960263,9.147068676716918,0,1
584,07/08/2020,0.0,25.2,31.7,38.2,1.7,8.9,0,1
585,08/08/2020,0.0,25.4,29.8,34.2,1.9,6.1,0,1
586,09/08/2020,0.8,24.8,31.2,37.6,2.0142384105960263,9.147068676716918,1,0
587,10/08/2020,1.1,21.2,26.1,31.0,1.9,13.6,1,0
588,11/08/2020,26.6,15.0,19.7,24.4,1.4,9.7,1,0
589,12/08/2020,0.0,14.6,20.9,27.2,0.3,2.5,0,1
590,13/08/2020,0.0,16.9,23.2,29.4,2.0142384105960263,9.147068676716918,0,1
591,14/08/2020,0.0,19.4,25.6,31.9,2.5,7.5,0,1
592,15/08/2020,0.0,17.3,23.4,29.5,3.3,10.8,0,1
593,16/08/2020,0.0,15.5,21.8,28.2,1.9,8.6,0,1
594,17/08/2020,0.0,15.7,21.6,27.5,2.8,7.5,0,1
595,18/08/2020,0.0,19.0,24.5,30.0,1.7,5.8,0,1
596,19/08/2020,0.0,18.5,25.4,32.3,2.5,9.2,0,1
597,20/08/2020,0.0,17.2,25.4,33.6,3.1,8.9,0,1
598,21/08/2020,0.0,20.4,26.0,31.6,3.3,10.8,0,1
599,22/08/2020,0.0,19.9,26.2,32.4,2.2,7.8,0,1
600,23/08/2020,0.0,19.8,26.4,33.0,1.7,8.3,0,1
601,24/08/2020,0.0,20.1,26.3,32.5,2.2,7.8,0,1
602,25/08/2020,0.0,21.3,28.4,35.6,1.9,6.4,0,1
603,26/08/2020,0.0,21.0,28.5,36.0,2.5,7.8,0,1
604,27/08/2020,0.0,21.6,29.0,36.4,2.5,6.7,0,1
605,28/08/2020,0.0,20.0,26.0,32.0,3.3,10.0,0,1
606,29/08/2020,0.0,14.5,18.8,23.0,3.6,11.1,0,1
607,30/08/2020,0.0,11.6,17.4,23.1,2.8,10.0,0,1
608,31/08/2020,0.0,12.1,18.6,25.0,1.9,6.7,0,1
609,01/09/2020,0.0,15.3,20.8,26.4,1.1,16.7,0,1
610,02/09/2020,0.0,15.2,22.1,29.0,2.8,10.0,0,1
611,03/09/2020,0.0,17.2,24.0,30.8,1.9,6.1,0,1
612,04/09/2020,0.0,18.8,25.2,31.6,1.7,5.3,0,1
613,05/09/2020,0.0,18.0,25.2,32.3,0.8,7.5,0,1
614,06/09/2020,0.0,19.9,26.2,32.4,2.2,8.9,0,1
615,07/09/2020,0.0,14.0,20.2,26.3,3.1,10.8,0,1
616,08/09/2020,0.0,13.1,19.7,26.3,3.1,11.7,0,1
617,09/09/2020,0.0,15.7,22.0,28.2,1.4,8.6,0,1
618,10/09/2020,0.0,17.9,23.9,29.9,2.2,8.6,0,1
619,11/09/2020,0.0,18.5,24.6,30.8,2.2,8.3,0,1
620,12/09/2020,0.0,19.1,25.4,31.6,1.9,7.8,0,1
621,13/09/2020,0.0,19.6,25.8,32.1,2.8,7.2,0,1
622,14/09/2020,1.3,19.6,24.2,28.8,1.9,10.6,1,0
623,15/09/2020,0.0,18.0,22.8,27.5,2.2,5.8,0,1
624,16/09/2020,3.4,18.8,24.4,30.0,0.8,21.1,1,0
625,17/09/2020,13.0,17.4,21.4,25.5,2.0142384105960263,9.147068676716918,1,0
626,18/09/2020,22.2,15.0,17.8,20.6,2.0142384105960263,9.147068676716918,1,0
627,19/09/2020,0.6,14.9,17.2,19.6,2.0142384105960263,9.147068676716918,1,0
628,20/09/2020,0.0,16.1,18.9,21.7,2.0142384105960263,9.147068676716918,0,1
629,21/09/2020,0.0,13.7,18.8,23.9,2.0142384105960263,9.147068676716918,0,1
630,22/09/2020,0.0,13.1,18.8,24.4,2.0142384105960263,9.147068676716918,0,1
631,23/09/2020,6.6,16.3,19.8,23.2,2.0142384105960263,9.147068676716918,1,0
632,24/09/2020,6.9,14.5,18.1,21.7,3.1,11.4,1,0
633,25/09/2020,0.0,12.4,15.6,18.8,4.2,15.3,0,1
634,26/09/2020,0.0,9.3,14.6,20.0,2.2,12.2,0,1
635,27/09/2020,0.0,11.5,16.6,21.7,2.2,9.4,0,1
636,28/09/2020,0.0,9.1,15.5,21.9,1.1,5.3,0,1
637,29/09/2020,0.0,13.2,19.0,24.9,1.4,5.3,0,1
638,30/09/2020,0.0,11.6,18.6,25.5,1.7,6.4,0,1
639,01/10/2020,0.0,12.8,17.7,22.6,3.3,11.7,0,1
640,02/10/2020,7.5,9.4,12.6,15.9,5.3,16.7,1,0
641,03/10/2020,0.0,8.3,13.0,17.7,3.9,10.6,0,1
642,04/10/2020,0.0,8.0,12.7,17.4,2.8,11.4,0,1
643,05/10/2020,0.0,10.2,14.2,18.3,2.2,9.2,0,1
644,06/10/2020,0.0,9.9,17.1,24.3,1.7,6.4,0,1
645,07/10/2020,0.0,11.6,17.9,24.2,1.1,4.7,0,1
646,08/10/2020,0.0,14.5,19.2,23.8,1.4,6.4,0,1
647,09/10/2020,0.0,12.9,19.2,25.4,1.1,5.8,0,1
648,10/10/2020,0.0,12.4,17.8,23.1,3.1,11.7,0,1
649,11/10/2020,0.0,9.5,14.0,18.6,3.6,11.1,0,1
650,12/10/2020,0.0,9.4,13.8,18.2,2.8,9.7,0,1
651,13/10/2020,0.0,8.3,15.0,21.8,2.2,10.6,0,1
652,14/10/2020,0.0,9.4,13.0,16.5,1.9,8.9,0,1
653,15/10/2020,0.0,6.6,11.5,16.4,1.9,9.4,0,1
654,16/10/2020,0.0,4.6,9.6,14.7,1.4,5.6,0,1
655,17/10/2020,0.0,5.5,11.2,16.8,1.1,4.7,0,1
656,18/10/2020,0.0,7.6,13.6,19.6,1.4,5.6,0,1
657,19/10/2020,4.4,9.9,16.0,22.0,1.7,6.7,1,0
658,20/10/2020,24.2,11.9,14.8,17.7,1.7,19.7,1,0
659,21/10/2020,3.5,12.6,14.7,16.8,2.5,8.9,1,0
660,22/10/2020,9.6,11.3,13.7,16.1,1.9,8.9,1,0
661,23/10/2020,2.5,9.2,12.0,14.9,2.0142384105960263,8.3,1,0
662,24/10/2020,0.0,7.6,11.2,14.8,3.3,9.147068676716918,0,1
663,25/10/2020,7.5,7.4,11.0,14.5,2.0142384105960263,9.147068676716918,1,0
664,26/10/2020,0.0,6.0,9.5,13.0,2.0142384105960263,9.147068676716918,0,1
665,27/10/2020,0.0,5.6,10.4,15.2,2.0142384105960263,9.147068676716918,0,1
666,28/10/2020,0.0,8.1,10.5,12.9,2.0142384105960263,9.147068676716918,0,1
667,29/10/2020,0.0,9.2,11.8,14.5,2.0142384105960263,9.147068676716918,0,1
668,30/10/2020,0.0,7.8,13.0,18.1,2.0142384105960263,9.147068676716918,0,1
669,31/10/2020,0.0,8.6,14.4,20.2,2.0142384105960263,9.147068676716918,0,1
670,01/11/2020,0.0,9.3,14.4,19.4,2.0142384105960263,9.147068676716918,0,1
671,02/11/2020,0.0,10.5,14.6,18.7,2.0142384105960263,9.147068676716918,0,1
672,03/11/2020,1.0,10.1,12.5,14.9,2.0142384105960263,9.147068676716918,1,0
673,04/11/2020,3.8,7.7,9.6,11.5,2.0142384105960263,9.147068676716918,1,0
674,05/11/2020,6.4,8.1,10.3,12.5,2.0142384105960263,9.147068676716918,1,0
675,06/11/2020,20.0,10.8,14.4,18.1,2.0142384105960263,9.147068676716918,1,0
676,07/11/2020,0.6,9.4,12.1,14.8,2.0142384105960263,9.147068676716918,1,0
677,08/11/2020,7.2,8.4,11.7,15.0,2.0142384105960263,9.147068676716918,1,0
678,09/11/2020,0.0,9.7,12.1,14.5,2.0142384105960263,9.147068676716918,0,1
679,10/11/2020,0.0,7.2,11.2,15.3,2.0142384105960263,9.147068676716918,0,1
680,11/11/2020,0.0,7.4,10.7,14.0,2.0142384105960263,9.147068676716918,0,1
681,12/11/2020,0.0,8.9,11.8,14.8,2.0142384105960263,9.147068676716918,0,1
682,13/11/2020,0.0,9.3,12.2,15.2,2.0142384105960263,9.147068676716918,0,1
683,14/11/2020,2.5,10.7,11.5,12.3,2.0142384105960263,9.147068676716918,1,0
684,15/11/2020,0.0,11.5,13.6,15.6,2.0142384105960263,9.147068676716918,0,1
685,16/11/2020,0.1,11.2,14.3,17.4,2.0142384105960263,9.147068676716918,1,1
686,17/11/2020,0.0,8.4,11.0,13.5,2.0142384105960263,9.147068676716918,0,1
687,18/11/2020,0.0,9.3,11.6,13.9,2.0142384105960263,9.147068676716918,0,1
688,19/11/2020,0.0,8.0,13.7,19.4,2.0142384105960263,9.147068676716918,0,1
689,20/11/2020,0.0,7.5,11.6,15.7,2.0142384105960263,9.147068676716918,0,1
690,21/11/2020,0.0,6.4,10.0,13.5,2.0142384105960263,9.147068676716918,0,1
691,22/11/2020,0.0,4.2,8.4,12.7,2.0142384105960263,9.147068676716918,0,1
692,23/11/2020,0.0,4.5,9.2,13.9,2.0142384105960263,9.147068676716918,0,1
693,24/11/2020,0.0,4.1,8.0,11.8,2.0142384105960263,9.147068676716918,0,1
694,25/11/2020,3.0,5.4,8.4,11.5,2.0142384105960263,9.147068676716918,1,0
695,26/11/2020,4.6,8.5,10.5,12.5,2.0142384105960263,9.147068676716918,1,0
696,27/11/2020,11.4,7.4,9.3,11.2,2.0142384105960263,9.147068676716918,1,0
697,28/11/2020,0.0,7.1,9.0,10.8,2.0142384105960263,9.147068676716918,0,1
698,29/11/2020,0.0,6.4,8.8,11.3,2.0142384105960263,9.147068676716918,0,1
699,30/11/2020,0.0,6.4,9.6,12.9,2.0142384105960263,9.147068676716918,0,1
700,01/12/2020,0.0,4.9,9.8,14.6,2.0142384105960263,9.147068676716918,0,1
701,02/12/2020,0.0,3.5,7.2,10.8,2.0142384105960263,9.147068676716918,0,1
702,03/12/2020,1.9,0.1,4.3,8.5,2.0142384105960263,9.147068676716918,1,0
703,04/12/2020,0.1,2.6,5.0,7.3,2.0142384105960263,9.147068676716918,1,1
704,05/12/2020,0.0,0.9,4.2,7.6,2.0142384105960263,9.147068676716918,0,1
705,06/12/2020,0.0,2.0,4.8,7.7,2.0142384105960263,9.147068676716918,0,1
706,07/12/2020,4.5,5.2,8.1,11.0,2.0142384105960263,9.147068676716918,1,0
707,08/12/2020,0.1,4.4,6.8,9.1,2.0142384105960263,9.147068676716918,1,1
708,09/12/2020,0.5,3.0,6.2,9.3,2.0142384105960263,9.147068676716918,1,0
709,10/12/2020,4.0,5.4,10.0,14.5,2.0142384105960263,9.147068676716918,1,0
710,11/12/2020,0.1,11.9,13.4,15.0,2.0142384105960263,9.147068676716918,1,1
711,12/12/2020,0.0,8.6,11.2,13.7,2.0142384105960263,9.147068676716918,0,1
712,13/12/2020,0.0,4.9,8.0,11.1,2.0142384105960263,9.147068676716918,0,1
713,14/12/2020,2.0,9.2,11.2,13.2,2.0142384105960263,9.147068676716918,1,0
714,15/12/2020,0.0,5.6,8.0,10.3,2.0142384105960263,9.147068676716918,0,1
715,16/12/2020,0.1,5.4,8.0,10.6,2.0142384105960263,9.147068676716918,1,1
716,17/12/2020,0.1,8.1,10.4,12.7,2.0142384105960263,9.147068676716918,1,1
717,18/12/2020,0.8,5.6,7.7,9.8,2.0142384105960263,9.147068676716918,1,0
718,19/12/2020,1.8,7.3,7.9,8.5,2.0142384105960263,9.147068676716918,1,0
719,20/12/2020,0.2,5.7,8.4,11.2,2.0142384105960263,9.147068676716918,1,0
720,21/12/2020,0.0,6.3,8.4,10.6,2.0142384105960263,9.147068676716918,0,1
721,22/12/2020,0.0,7.0,8.6,10.1,2.0142384105960263,9.147068676716918,0,1
722,23/12/2020,0.1,5.6,7.3,9.0,2.0142384105960263,9.147068676716918,1,1
723,24/12/2020,0.0,5.4,7.8,10.2,2.0142384105960263,9.147068676716918,0,1
724,25/12/2020,0.0,2.2,5.3,8.4,2.0142384105960263,9.147068676716918,0,1
725,26/12/2020,0.0,-0.9,3.8,8.6,2.0142384105960263,9.147068676716918,0,1
726,27/12/2020,2.2,-1.3,2.8,6.9,2.0142384105960263,9.147068676716918,1,0
727,28/12/2020,0.1,2.9,5.7,8.5,2.0142384105960263,9.147068676716918,1,1
728,29/12/2020,0.0,0.8,4.5,8.2,2.0142384105960263,9.147068676716918,0,1
729,30/12/2020,0.0,1.2,4.8,8.4,2.0142384105960263,9.147068676716918,0,1
730,31/12/2020,1.0,-1.2,2.8,6.9,2.0142384105960263,9.147068676716918,1,0
